wl,n
12.398,15.567
12.35,15.468
12.302,15.37
12.254,15.273
12.206,15.176
12.158,15.08
12.111,14.984
12.063,14.888
12.016,14.794
11.969,14.699
11.922,14.605
11.876,14.512
11.829,14.419
11.783,14.327
11.737,14.235
11.691,14.143
11.645,14.052
11.6,13.962
11.555,13.872
11.509,13.782
11.464,13.693
11.42,13.605
11.375,13.517
11.331,13.429
11.286,13.342
11.242,13.255
11.198,13.169
11.154,13.083
11.111,12.998
11.067,12.913
11.024,12.829
10.981,12.745
10.938,12.662
10.895,12.579
10.853,12.496
10.81,12.414
10.768,12.333
10.726,12.252
10.684,12.171
10.642,12.091
10.601,12.011
10.559,11.932
10.518,11.853
10.477,11.775
10.436,11.697
10.395,11.619
10.355,11.542
10.314,11.466
10.274,11.39
10.234,11.314
10.194,11.239
10.154,11.164
10.114,11.089
10.075,11.015
10.035,10.942
9.9961,10.869
9.957,10.796
9.9181,10.724
9.8793,10.652
9.8407,10.58
9.8023,10.509
9.7639,10.439
9.7258,10.369
9.6878,10.299
9.6499,10.23
9.6122,10.161
9.5746,10.092
9.5372,10.024
9.4999,9.9563
9.4628,9.889
9.4258,9.8221
9.389,9.7556
9.3523,9.6895
9.3157,9.6238
9.2793,9.5585
9.2431,9.4936
9.2069,9.4291
9.171,9.365
9.1351,9.3013
9.0994,9.2379
9.0638,9.175
9.0284,9.1124
8.9931,9.0503
8.958,8.9885
8.923,8.9271
8.8881,8.866
8.8534,8.8054
8.8188,8.7451
8.7843,8.6852
8.75,8.6257
8.7158,8.5665
8.6817,8.5077
8.6478,8.4493
8.614,8.3912
8.5803,8.3335
8.5468,8.2762
8.5134,8.2192
8.4801,8.1626
8.447,8.1063
8.4139,8.0504
8.3811,7.9949
8.3483,7.9397
8.3157,7.8849
8.2832,7.8304
8.2508,7.7762
8.2186,7.7224
8.1864,7.669
8.1544,7.6159
8.1226,7.5631
8.0908,7.5107
8.0592,7.4586
8.0277,7.4068
7.9963,7.3554
7.9651,7.3043
7.934,7.2535
7.9029,7.2031
7.8721,7.153
7.8413,7.1032
7.8106,7.0538
7.7801,7.0047
7.7497,6.9558
7.7194,6.9074
7.6893,6.8592
7.6592,6.8113
7.6293,6.7638
7.5995,6.7166
7.5698,6.6697
7.5402,6.6231
7.5107,6.5768
7.4813,6.5308
7.4521,6.4851
7.423,6.4397
7.394,6.3946
7.3651,6.3498
7.3363,6.3054
7.3076,6.2612
7.2791,6.2173
7.2506,6.1737
7.2223,6.1304
7.194,6.0874
7.1659,6.0447
7.1379,6.0023
7.11,5.9601
7.0822,5.9182
7.0546,5.8767
7.027,5.8354
6.9995,5.7944
6.9722,5.7536
6.9449,5.7132
6.9178,5.673
6.8907,5.6331
6.8638,5.5934
6.837,5.5541
6.8103,5.515
6.7836,5.4762
6.7571,5.4376
6.7307,5.3993
6.7044,5.3613
6.6782,5.3235
6.6521,5.286
6.6261,5.2487
6.6002,5.2117
6.5744,5.175
6.5487,5.1385
6.5231,5.1023
6.4976,5.0663
6.4722,5.0306
6.4469,4.9951
6.4218,4.9599
6.3967,4.9249
6.3717,4.8902
6.3468,4.8557
6.3219,4.8214
6.2972,4.7874
6.2726,4.7537
6.2481,4.7201
6.2237,4.6868
6.1994,4.6538
6.1751,4.621
6.151,4.5884
6.127,4.556
6.103,4.5239
6.0792,4.492
6.0554,4.4603
6.0317,4.4288
6.0082,4.3976
5.9847,4.3666
5.9613,4.3358
5.938,4.3053
5.9148,4.2749
5.8917,4.2448
5.8686,4.2149
5.8457,4.1852
5.8229,4.1557
5.8001,4.1265
5.7774,4.0974
5.7549,4.0686
5.7324,4.0399
5.71,4.0115
5.6876,3.9833
5.6654,3.9553
5.6433,3.9275
5.6212,3.8999
5.5993,3.8725
5.5774,3.8453
5.5556,3.8183
5.5339,3.7914
5.5122,3.7648
5.4907,3.7384
5.4692,3.7122
5.4479,3.6862
5.4266,3.6603
5.4054,3.6347
5.3842,3.6093
5.3632,3.584
5.3422,3.5589
5.3213,3.534
5.3005,3.5093
5.2798,3.4848
5.2592,3.4605
5.2386,3.4363
5.2182,3.4123
5.1978,3.3885
5.1775,3.3649
5.1572,3.3415
5.1371,3.3182
5.117,3.2951
5.097,3.2722
5.0771,3.2495
5.0572,3.2269
5.0375,3.2045
5.0178,3.1823
4.9982,3.1603
4.9786,3.1384
4.9592,3.1167
4.9398,3.0951
4.9205,3.0737
4.9013,3.0525
4.8821,3.0314
4.863,3.0105
4.844,2.9898
4.8251,2.9692
4.8062,2.9488
4.7874,2.9286
4.7687,2.9085
4.7501,2.8885
4.7315,2.8687
4.713,2.8491
4.6946,2.8296
4.6763,2.8103
4.658,2.7911
4.6398,2.7721
4.6217,2.7532
4.6036,2.7345
4.5856,2.7159
4.5677,2.6975
4.5498,2.6792
4.532,2.6611
4.5143,2.6431
4.4967,2.6252
4.4791,2.6075
4.4616,2.5899
4.4442,2.5725
4.4268,2.5552
4.4095,2.5381
4.3923,2.5211
4.3751,2.5042
4.358,2.4875
4.341,2.4709
4.324,2.4544
4.3071,2.4381
4.2903,2.4219
4.2735,2.4059
4.2568,2.39
4.2402,2.3742
4.2236,2.3585
4.2071,2.343
4.1906,2.3276
4.1743,2.3123
4.1579,2.2972
4.1417,2.2821
4.1255,2.2673
4.1094,2.2525
4.0933,2.2379
4.0773,2.2233
4.0614,2.209
4.0455,2.1947
4.0297,2.1805
4.014,2.1665
3.9983,2.1526
3.9826,2.1388
3.9671,2.1252
3.9516,2.1116
3.9361,2.0982
3.9207,2.0849
3.9054,2.0717
3.8902,2.0586
3.875,2.0457
3.8598,2.0328
3.8447,2.0201
3.8297,2.0075
3.8147,1.995
3.7998,1.9826
3.785,1.9703
3.7702,1.9582
3.7554,1.9461
3.7408,1.9342
3.7262,1.9224
3.7116,1.9107
3.6971,1.899
3.6826,1.8875
3.6682,1.8761
3.6539,1.8649
3.6396,1.8537
3.6254,1.8426
3.6112,1.8316
3.5971,1.8208
3.5831,1.81
3.5691,1.7994
3.5551,1.7888
3.5412,1.7784
3.5274,1.7681
3.5136,1.7578
3.4999,1.7477
3.4862,1.7377
3.4725,1.7277
3.459,1.7179
3.4455,1.7082
3.432,1.6985
3.4186,1.689
3.4052,1.6796
3.3919,1.6703
3.3787,1.661
3.3654,1.6519
3.3523,1.6429
3.3392,1.6339
3.3261,1.6251
3.3131,1.6164
3.3002,1.6077
3.2873,1.5992
3.2744,1.5907
3.2617,1.5824
3.2489,1.5741
3.2362,1.566
3.2236,1.5579
3.211,1.5499
3.1984,1.542
3.1859,1.5343
3.1735,1.5266
3.1611,1.519
3.1487,1.5115
3.1364,1.5041
3.1241,1.4968
3.1119,1.4896
3.0998,1.4824
3.0877,1.4754
3.0756,1.4685
3.0636,1.4616
3.0516,1.4549
3.0397,1.4482
3.0278,1.4416
3.016,1.4351
3.0042,1.4288
2.9924,1.4225
2.9807,1.4163
2.9691,1.4102
2.9575,1.4041
2.9459,1.3982
2.9344,1.3924
2.9229,1.3866
2.9115,1.381
2.9001,1.3754
2.8888,1.37
2.8775,1.3646
2.8663,1.3593
2.8551,1.3541
2.8439,1.349
2.8328,1.344
2.8217,1.3391
2.8107,1.3343
2.7997,1.3296
2.7888,1.3249
2.7779,1.3204
2.767,1.316
2.7562,1.3116
2.7454,1.3073
2.7347,1.3032
2.724,1.2991
2.7134,1.2951
2.7027,1.2912
2.6922,1.2875
2.6817,1.2838
2.6712,1.2802
2.6607,1.2767
2.6503,1.2733
2.64,1.27
2.6297,1.2667
2.6194,1.2636
2.6092,1.2606
2.599,1.2577
2.5888,1.2549
2.5787,1.2522
2.5686,1.2495
2.5586,1.247
2.5486,1.2446
2.5386,1.2423
2.5287,1.2401
2.5188,1.238
2.509,1.236
2.4991,1.2341
2.4894,1.2323
2.4797,1.2306
2.47,1.229
2.4603,1.2275
2.4507,1.2262
2.4411,1.2249
2.4316,1.2238
2.4221,1.2227
2.4126,1.2218
2.4032,1.221
2.3938,1.2203
2.3844,1.2197
2.3751,1.2193
2.3658,1.2189
2.3566,1.2187
2.3474,1.2186
2.3382,1.2186
2.3291,1.2188
2.32,1.219
2.3109,1.2194
2.3019,1.2199
2.2929,1.2206
2.2839,1.2213
2.275,1.2222
2.2661,1.2233
2.2572,1.2244
2.2484,1.2257
2.2396,1.2272
2.2309,1.2287
2.2221,1.2305
2.2135,1.2323
2.2048,1.2343
2.1962,1.2365
2.1876,1.2388
2.1791,1.2413
2.1705,1.2439
2.1621,1.2466
2.1536,1.2496
2.1452,1.2526
2.1368,1.2559
2.1285,1.2593
2.1201,1.2629
2.1119,1.2666
2.1036,1.2705
2.0954,1.2746
2.0872,1.2789
2.079,1.2834
2.0709,1.288
2.0628,1.2928
2.0547,1.2978
2.0467,1.3031
2.0387,1.3085
2.0307,1.3141
2.0228,1.3199
2.0149,1.3259
2.007,1.3321
1.9992,1.3385
1.9914,1.3452
1.9836,1.352
1.9758,1.3591
1.9681,1.3665
1.9604,1.374
1.9528,1.3818
1.9451,1.3898
1.9375,1.3981
1.93,1.4066
1.9224,1.4154
1.9149,1.4244
1.9074,1.4337
1.9,1.4433
1.8925,1.4531
1.8851,1.4632
1.8778,1.4736
1.8704,1.4842
1.8631,1.4951
1.8558,1.5064
1.8486,1.5179
1.8414,1.5297
1.8342,1.5419
1.827,1.5543
1.8199,1.567
1.8127,1.5801
1.8057,1.5935
1.7986,1.6072
1.7916,1.6213
1.7846,1.6356
1.7776,1.6503
1.7707,1.6654
1.7637,1.6808
1.7568,1.6965
1.75,1.7126
1.7431,1.729
1.7363,1.7458
1.7295,1.7629
1.7228,1.7804
1.716,1.7982
1.7093,1.8164
1.7027,1.835
1.696,1.8539
1.6894,1.8731
1.6828,1.8927
1.6762,1.9127
1.6696,1.933
1.6631,1.9536
1.6566,1.9746
1.6501,1.9959
1.6437,2.0175
1.6373,2.0395
1.6309,2.0617
1.6245,2.0843
1.6181,2.1071
1.6118,2.1303
1.6055,2.1536
1.5992,2.1773
1.593,2.2012
1.5868,2.2253
1.5806,2.2496
1.5744,2.2741
1.5682,2.2988
1.5621,2.3237
1.556,2.3486
1.5499,2.3737
1.5439,2.3989
1.5378,2.4242
1.5318,2.4495
1.5258,2.4748
1.5199,2.5002
1.5139,2.5255
1.508,2.5507
1.5021,2.5759
1.4962,2.601
1.4904,2.626
1.4846,2.6508
1.4788,2.6754
1.473,2.6998
1.4672,2.7239
1.4615,2.7478
1.4558,2.7714
1.4501,2.7946
1.4444,2.8176
1.4388,2.8401
1.4332,2.8622
1.4276,2.8839
1.422,2.9052
1.4164,2.9259
1.4109,2.9462
1.4054,2.9659
1.3999,2.9851
1.3944,3.0037
1.389,3.0217
1.3835,3.0392
1.3781,3.056
1.3727,3.0721
1.3674,3.0876
1.362,3.1024
1.3567,3.1165
1.3514,3.1299
1.3461,3.1426
1.3409,3.1546
1.3356,3.1659
1.3304,3.1764
1.3252,3.1862
1.32,3.1953
1.3149,3.2036
1.3097,3.2111
1.3046,3.218
1.2995,3.2241
1.2944,3.2295
1.2894,3.2341
1.2843,3.238
1.2793,3.2413
1.2743,3.2438
1.2693,3.2457
1.2644,3.2469
1.2594,3.2475
1.2545,3.2474
1.2496,3.2467
1.2447,3.2455
1.2399,3.2436
1.235,3.2413
1.2302,3.2384
1.2254,3.235
1.2206,3.2311
1.2158,3.2269
1.2111,3.2222
1.2063,3.2171
1.2016,3.2116
1.1969,3.2059
1.1922,3.1998
1.1876,3.1935
1.1829,3.1869
1.1783,3.1802
1.1737,3.1732
1.1691,3.1661
1.1646,3.1589
1.16,3.1516
1.1555,3.1443
1.151,3.1369
1.1465,3.1296
1.142,3.1222
1.1375,3.1149
1.1331,3.1077
1.1286,3.1006
1.1242,3.0937
1.1198,3.0869
1.1155,3.0802
1.1111,3.0738
1.1068,3.0676
1.1024,3.0617
1.0981,3.056
1.0938,3.0506
1.0896,3.0455
1.0853,3.0407
1.0811,3.0362
1.0768,3.0321
1.0726,3.0283
1.0684,3.025
1.0643,3.0219
1.0601,3.0193
1.056,3.0171
1.0518,3.0153
1.0477,3.0139
1.0436,3.0129
1.0395,3.0124
1.0355,3.0123
1.0314,3.0126
1.0274,3.0133
1.0234,3.0145
1.0194,3.0162
1.0154,3.0182
1.0114,3.0207
1.0075,3.0237
1.0035,3.027
0.99962,3.0308
0.99571,3.035
0.99182,3.0396
0.98795,3.0447
0.98408,3.0501
0.98024,3.056
0.97641,3.0622
0.97259,3.0688
0.96879,3.0758
0.965,3.0831
0.96123,3.0908
0.95748,3.0988
0.95373,3.1072
0.95001,3.1159
0.94629,3.1248
0.94259,3.1341
0.93891,3.1437
0.93524,3.1535
0.93159,3.1636
0.92795,3.1739
0.92432,3.1844
0.92071,3.1952
0.91711,3.2061
0.91352,3.2173
0.90995,3.2286
0.9064,3.2401
0.90285,3.2517
0.89933,3.2634
0.89581,3.2753
0.89231,3.2873
0.88882,3.2993
0.88535,3.3114
0.88189,3.3236
0.87844,3.3359
0.87501,3.3481
0.87159,3.3604
0.86818,3.3727
0.86479,3.385
0.86141,3.3972
0.85804,3.4095
0.85469,3.4216
0.85135,3.4338
0.84802,3.4458
0.84471,3.4578
0.84141,3.4697
0.83812,3.4815
0.83484,3.4931
0.83158,3.5047
0.82833,3.5161
0.82509,3.5274
0.82187,3.5385
0.81865,3.5494
0.81546,3.5602
0.81227,3.5708
0.80909,3.5812
0.80593,3.5914
0.80278,3.6014
0.79964,3.6111
0.79652,3.6207
0.79341,3.63
0.79031,3.6391
0.78722,3.6479
0.78414,3.6565
0.78108,3.6648
0.77802,3.6729
0.77498,3.6807
0.77195,3.6882
0.76894,3.6954
0.76593,3.7023
0.76294,3.709
0.75996,3.7153
0.75699,3.7214
0.75403,3.7271
0.75108,3.7325
0.74814,3.7377
0.74522,3.7425
0.74231,3.747
0.73941,3.7511
0.73652,3.755
0.73364,3.7585
0.73077,3.7617
0.72792,3.7646
0.72507,3.7671
0.72224,3.7694
0.71941,3.7713
0.7166,3.7728
0.7138,3.7741
0.71101,3.775
0.70823,3.7756
0.70546,3.7759
0.70271,3.7759
0.69996,3.7755
0.69723,3.7748
0.6945,3.7739
0.69179,3.7726
0.68908,3.7711
0.68639,3.7692
0.68371,3.7671
0.68103,3.7646
0.67837,3.7619
0.67572,3.759
0.67308,3.7557
0.67045,3.7522
0.66783,3.7485
0.66522,3.7445
0.66262,3.7403
0.66003,3.7359
0.65745,3.7312
0.65488,3.7264
0.65232,3.7213
0.64977,3.7161
0.64723,3.7107
0.6447,3.7051
0.64218,3.6994
0.63967,3.6935
0.63717,3.6874
0.63468,3.6813
0.6322,3.675
0.62973,3.6687
0.62727,3.6622
0.62482,3.6557
0.62238,3.6491
0.61995,3.6424
0.61752,3.6357
0.61511,3.6289
0.6127,3.6221
0.61031,3.6153
0.60792,3.6084
0.60555,3.6016
0.60318,3.5948
0.60082,3.588
0.59848,3.5812
0.59614,3.5745
0.59381,3.5678
0.59149,3.5612
0.58918,3.5546
0.58687,3.5481
0.58458,3.5417
0.58229,3.5353
0.58002,3.5291
0.57775,3.5229
0.57549,3.5169
0.57324,3.5109
0.571,3.5051
0.56877,3.4994
0.56655,3.4938
0.56434,3.4884
0.56213,3.4831
0.55993,3.4779
0.55774,3.4728
0.55556,3.4679
0.55339,3.4632
0.55123,3.4586
0.54908,3.4541
0.54693,3.4498
0.54479,3.4456
0.54266,3.4416
0.54054,3.4377
0.53843,3.434
0.53633,3.4304
0.53423,3.427
0.53214,3.4237
0.53006,3.4205
0.52799,3.4175
0.52593,3.4146
0.52387,3.4119
0.52182,3.4093
0.51978,3.4069
0.51775,3.4045
0.51573,3.4023
0.51371,3.4002
0.51171,3.3983
0.50971,3.3964
0.50771,3.3947
0.50573,3.393
0.50375,3.3915
0.50178,3.3901
0.49982,3.3887
0.49787,3.3874
0.49592,3.3863
0.49399,3.3852
0.49206,3.3842
0.49013,3.3832
0.48822,3.3823
0.48631,3.3815
0.48441,3.3807
0.48251,3.38
0.48063,3.3793
0.47875,3.3786
0.47688,3.378
0.47502,3.3775
0.47316,3.3769
0.47131,3.3764
0.46947,3.3758
0.46763,3.3753
0.46581,3.3748
0.46398,3.3743
0.46217,3.3738
0.46036,3.3732
0.45857,3.3727
0.45677,3.3721
0.45499,3.3715
0.45321,3.3709
0.45144,3.3703
0.44967,3.3696
0.44792,3.3688
0.44617,3.3681
0.44442,3.3673
0.44269,3.3664
0.44096,3.3654
0.43923,3.3645
0.43752,3.3634
0.43581,3.3623
0.4341,3.3611
0.43241,3.3598
0.43072,3.3585
0.42903,3.3571
0.42736,3.3555
0.42569,3.354
0.42402,3.3523
0.42236,3.3505
0.42071,3.3487
0.41907,3.3467
0.41743,3.3447
0.4158,3.3425
0.41418,3.3403
0.41256,3.3379
0.41094,3.3354
0.40934,3.3329
0.40774,3.3302
0.40614,3.3275
0.40456,3.3246
0.40298,3.3216
0.4014,3.3185
0.39983,3.3153
0.39827,3.312
0.39671,3.3085
0.39516,3.305
0.39362,3.3013
0.39208,3.2976
0.39055,3.2937
0.38902,3.2897
0.3875,3.2856
0.38599,3.2814
0.38448,3.2771
0.38298,3.2726
0.38148,3.2681
0.37999,3.2635
0.3785,3.2587
0.37702,3.2539
0.37555,3.2489
0.37408,3.2439
0.37262,3.2387
0.37116,3.2335
0.36971,3.2281
0.36827,3.2227
0.36683,3.2172
0.3654,3.2116
0.36397,3.2059
0.36254,3.2001
0.36113,3.1942
0.35972,3.1883
0.35831,3.1823
0.35691,3.1762
0.35552,3.17
0.35413,3.1638
0.35274,3.1575
0.35136,3.1512
0.34999,3.1447
0.34862,3.1383
0.34726,3.1318
0.3459,3.1252
0.34455,3.1186
0.3432,3.112
0.34186,3.1053
0.34053,3.0986
0.3392,3.0919
0.33787,3.0851
0.33655,3.0783
0.33523,3.0715
0.33392,3.0647
0.33262,3.0579
0.33132,3.0511
0.33002,3.0442
0.32873,3.0374
0.32745,3.0306
0.32617,3.0238
0.32489,3.017
0.32362,3.0102
0.32236,3.0034
0.3211,2.9967
0.31985,2.99
0.3186,2.9833
0.31735,2.9766
0.31611,2.97
0.31487,2.9635
0.31364,2.957
0.31242,2.9505
0.3112,2.9441
0.30998,2.9377
0.30877,2.9314
0.30756,2.9252
0.30636,2.919
0.30516,2.9129
0.30397,2.9068
0.30278,2.9009
0.3016,2.895
0.30042,2.8892
0.29925,2.8834
0.29808,2.8778
0.29691,2.8722
0.29575,2.8667
0.2946,2.8614
0.29344,2.8561
0.2923,2.8509
0.29115,2.8457
0.29002,2.8407
0.28888,2.8358
0.28775,2.831
0.28663,2.8263
0.28551,2.8217
0.28439,2.8171
0.28328,2.8127
0.28217,2.8084
0.28107,2.8042
0.27997,2.8001
0.27888,2.7961
0.27779,2.7922
0.2767,2.7884
0.27562,2.7848
0.27455,2.7812
0.27347,2.7777
0.2724,2.7743
0.27134,2.7711
0.27028,2.7679
0.26922,2.7648
0.26817,2.7619
0.26712,2.759
0.26608,2.7562
0.26504,2.7536
0.264,2.751
0.26297,2.7485
0.26194,2.7461
0.26092,2.7438
0.2599,2.7416
0.25888,2.7395
0.25787,2.7374
0.25686,2.7355
0.25586,2.7336
0.25486,2.7318
0.25386,2.7301
0.25287,2.7284
0.25188,2.7268
0.2509,2.7253
0.24992,2.7238
0.24894,2.7224
0.24797,2.7211

wl,k
12.398,52.539
12.35,52.375
12.302,52.211
12.254,52.048
12.206,51.884
12.158,51.721
12.111,51.558
12.063,51.396
12.016,51.234
11.969,51.072
11.922,50.91
11.876,50.749
11.829,50.587
11.783,50.426
11.737,50.266
11.691,50.106
11.645,49.946
11.6,49.786
11.555,49.626
11.509,49.467
11.464,49.308
11.42,49.15
11.375,48.991
11.331,48.833
11.286,48.675
11.242,48.518
11.198,48.361
11.154,48.204
11.111,48.047
11.067,47.891
11.024,47.735
10.981,47.579
10.938,47.424
10.895,47.269
10.853,47.114
10.81,46.96
10.768,46.805
10.726,46.652
10.684,46.498
10.642,46.345
10.601,46.192
10.559,46.039
10.518,45.887
10.477,45.735
10.436,45.583
10.395,45.431
10.355,45.28
10.314,45.13
10.274,44.979
10.234,44.829
10.194,44.679
10.154,44.529
10.114,44.38
10.075,44.231
10.035,44.083
9.9961,43.934
9.957,43.786
9.9181,43.639
9.8793,43.491
9.8407,43.344
9.8023,43.198
9.7639,43.051
9.7258,42.905
9.6878,42.759
9.6499,42.614
9.6122,42.469
9.5746,42.324
9.5372,42.18
9.4999,42.035
9.4628,41.892
9.4258,41.748
9.389,41.605
9.3523,41.462
9.3157,41.32
9.2793,41.178
9.2431,41.036
9.2069,40.894
9.171,40.753
9.1351,40.612
9.0994,40.472
9.0638,40.331
9.0284,40.192
8.9931,40.052
8.958,39.913
8.923,39.774
8.8881,39.635
8.8534,39.497
8.8188,39.359
8.7843,39.222
8.75,39.085
8.7158,38.948
8.6817,38.811
8.6478,38.675
8.614,38.539
8.5803,38.404
8.5468,38.268
8.5134,38.133
8.4801,37.999
8.447,37.865
8.4139,37.731
8.3811,37.597
8.3483,37.464
8.3157,37.331
8.2832,37.199
8.2508,37.066
8.2186,36.935
8.1864,36.803
8.1544,36.672
8.1226,36.541
8.0908,36.411
8.0592,36.28
8.0277,36.151
7.9963,36.021
7.9651,35.892
7.934,35.763
7.9029,35.634
7.8721,35.506
7.8413,35.379
7.8106,35.251
7.7801,35.124
7.7497,34.997
7.7194,34.871
7.6893,34.744
7.6592,34.619
7.6293,34.493
7.5995,34.368
7.5698,34.243
7.5402,34.119
7.5107,33.995
7.4813,33.871
7.4521,33.747
7.423,33.624
7.394,33.501
7.3651,33.379
7.3363,33.257
7.3076,33.135
7.2791,33.014
7.2506,32.892
7.2223,32.772
7.194,32.651
7.1659,32.531
7.1379,32.411
7.11,32.292
7.0822,32.173
7.0546,32.054
7.027,31.935
6.9995,31.817
6.9722,31.699
6.9449,31.582
6.9178,31.465
6.8907,31.348
6.8638,31.232
6.837,31.115
6.8103,31.0
6.7836,30.884
6.7571,30.769
6.7307,30.654
6.7044,30.54
6.6782,30.425
6.6521,30.312
6.6261,30.198
6.6002,30.085
6.5744,29.972
6.5487,29.859
6.5231,29.747
6.4976,29.635
6.4722,29.524
6.4469,29.412
6.4218,29.302
6.3967,29.191
6.3717,29.081
6.3468,28.971
6.3219,28.861
6.2972,28.752
6.2726,28.643
6.2481,28.534
6.2237,28.426
6.1994,28.318
6.1751,28.21
6.151,28.103
6.127,27.995
6.103,27.889
6.0792,27.782
6.0554,27.676
6.0317,27.57
6.0082,27.465
5.9847,27.36
5.9613,27.255
5.938,27.15
5.9148,27.046
5.8917,26.942
5.8686,26.838
5.8457,26.735
5.8229,26.632
5.8001,26.529
5.7774,26.427
5.7549,26.325
5.7324,26.223
5.71,26.122
5.6876,26.02
5.6654,25.92
5.6433,25.819
5.6212,25.719
5.5993,25.619
5.5774,25.519
5.5556,25.42
5.5339,25.321
5.5122,25.222
5.4907,25.124
5.4692,25.026
5.4479,24.928
5.4266,24.83
5.4054,24.733
5.3842,24.636
5.3632,24.539
5.3422,24.443
5.3213,24.347
5.3005,24.251
5.2798,24.156
5.2592,24.061
5.2386,23.966
5.2182,23.871
5.1978,23.777
5.1775,23.683
5.1572,23.589
5.1371,23.496
5.117,23.403
5.097,23.31
5.0771,23.217
5.0572,23.125
5.0375,23.033
5.0178,22.941
4.9982,22.85
4.9786,22.759
4.9592,22.668
4.9398,22.577
4.9205,22.487
4.9013,22.397
4.8821,22.307
4.863,22.218
4.844,22.129
4.8251,22.04
4.8062,21.951
4.7874,21.863
4.7687,21.775
4.7501,21.687
4.7315,21.6
4.713,21.512
4.6946,21.425
4.6763,21.339
4.658,21.252
4.6398,21.166
4.6217,21.08
4.6036,20.995
4.5856,20.909
4.5677,20.824
4.5498,20.739
4.532,20.655
4.5143,20.57
4.4967,20.486
4.4791,20.403
4.4616,20.319
4.4442,20.236
4.4268,20.153
4.4095,20.07
4.3923,19.988
4.3751,19.905
4.358,19.823
4.341,19.742
4.324,19.66
4.3071,19.579
4.2903,19.498
4.2735,19.418
4.2568,19.337
4.2402,19.257
4.2236,19.177
4.2071,19.097
4.1906,19.018
4.1743,18.939
4.1579,18.86
4.1417,18.781
4.1255,18.703
4.1094,18.624
4.0933,18.546
4.0773,18.469
4.0614,18.391
4.0455,18.314
4.0297,18.237
4.014,18.16
3.9983,18.084
3.9826,18.007
3.9671,17.931
3.9516,17.855
3.9361,17.78
3.9207,17.705
3.9054,17.629
3.8902,17.555
3.875,17.48
3.8598,17.405
3.8447,17.331
3.8297,17.257
3.8147,17.184
3.7998,17.11
3.785,17.037
3.7702,16.964
3.7554,16.891
3.7408,16.818
3.7262,16.746
3.7116,16.674
3.6971,16.602
3.6826,16.53
3.6682,16.458
3.6539,16.387
3.6396,16.316
3.6254,16.245
3.6112,16.175
3.5971,16.104
3.5831,16.034
3.5691,15.964
3.5551,15.894
3.5412,15.825
3.5274,15.755
3.5136,15.686
3.4999,15.617
3.4862,15.548
3.4725,15.48
3.459,15.411
3.4455,15.343
3.432,15.275
3.4186,15.208
3.4052,15.14
3.3919,15.073
3.3787,15.006
3.3654,14.939
3.3523,14.872
3.3392,14.806
3.3261,14.739
3.3131,14.673
3.3002,14.607
3.2873,14.541
3.2744,14.476
3.2617,14.411
3.2489,14.345
3.2362,14.28
3.2236,14.216
3.211,14.151
3.1984,14.087
3.1859,14.022
3.1735,13.958
3.1611,13.894
3.1487,13.831
3.1364,13.767
3.1241,13.704
3.1119,13.641
3.0998,13.578
3.0877,13.515
3.0756,13.453
3.0636,13.39
3.0516,13.328
3.0397,13.266
3.0278,13.204
3.016,13.142
3.0042,13.081
2.9924,13.019
2.9807,12.958
2.9691,12.897
2.9575,12.836
2.9459,12.775
2.9344,12.715
2.9229,12.655
2.9115,12.594
2.9001,12.534
2.8888,12.475
2.8775,12.415
2.8663,12.355
2.8551,12.296
2.8439,12.237
2.8328,12.178
2.8217,12.119
2.8107,12.06
2.7997,12.001
2.7888,11.943
2.7779,11.885
2.767,11.826
2.7562,11.768
2.7454,11.711
2.7347,11.653
2.724,11.595
2.7134,11.538
2.7027,11.481
2.6922,11.424
2.6817,11.367
2.6712,11.31
2.6607,11.253
2.6503,11.197
2.64,11.14
2.6297,11.084
2.6194,11.028
2.6092,10.972
2.599,10.916
2.5888,10.861
2.5787,10.805
2.5686,10.75
2.5586,10.694
2.5486,10.639
2.5386,10.584
2.5287,10.529
2.5188,10.475
2.509,10.42
2.4991,10.366
2.4894,10.311
2.4797,10.257
2.47,10.203
2.4603,10.149
2.4507,10.095
2.4411,10.041
2.4316,9.9877
2.4221,9.9342
2.4126,9.8808
2.4032,9.8276
2.3938,9.7744
2.3844,9.7214
2.3751,9.6686
2.3658,9.6158
2.3566,9.5631
2.3474,9.5106
2.3382,9.4582
2.3291,9.4059
2.32,9.3537
2.3109,9.3016
2.3019,9.2496
2.2929,9.1977
2.2839,9.146
2.275,9.0944
2.2661,9.0428
2.2572,8.9914
2.2484,8.9401
2.2396,8.8889
2.2309,8.8378
2.2221,8.7868
2.2135,8.7359
2.2048,8.6852
2.1962,8.6345
2.1876,8.5839
2.1791,8.5335
2.1705,8.4831
2.1621,8.4329
2.1536,8.3827
2.1452,8.3327
2.1368,8.2827
2.1285,8.2329
2.1201,8.1832
2.1119,8.1335
2.1036,8.084
2.0954,8.0346
2.0872,7.9853
2.079,7.9361
2.0709,7.887
2.0628,7.838
2.0547,7.7891
2.0467,7.7404
2.0387,7.6917
2.0307,7.6431
2.0228,7.5947
2.0149,7.5464
2.007,7.4981
1.9992,7.45
1.9914,7.4021
1.9836,7.3542
1.9758,7.3064
1.9681,7.2588
1.9604,7.2113
1.9528,7.1639
1.9451,7.1166
1.9375,7.0695
1.93,7.0225
1.9224,6.9757
1.9149,6.9289
1.9074,6.8824
1.9,6.8359
1.8925,6.7896
1.8851,6.7435
1.8778,6.6975
1.8704,6.6517
1.8631,6.6061
1.8558,6.5606
1.8486,6.5153
1.8414,6.4702
1.8342,6.4253
1.827,6.3806
1.8199,6.336
1.8127,6.2917
1.8057,6.2476
1.7986,6.2037
1.7916,6.1601
1.7846,6.1167
1.7776,6.0735
1.7707,6.0306
1.7637,5.988
1.7568,5.9457
1.75,5.9036
1.7431,5.8618
1.7363,5.8204
1.7295,5.7792
1.7228,5.7384
1.716,5.698
1.7093,5.6579
1.7027,5.6182
1.696,5.5788
1.6894,5.5399
1.6828,5.5014
1.6762,5.4633
1.6696,5.4256
1.6631,5.3884
1.6566,5.3517
1.6501,5.3154
1.6437,5.2797
1.6373,5.2445
1.6309,5.2098
1.6245,5.1757
1.6181,5.1421
1.6118,5.1092
1.6055,5.0768
1.5992,5.045
1.593,5.0139
1.5868,4.9834
1.5806,4.9536
1.5744,4.9244
1.5682,4.8959
1.5621,4.8681
1.556,4.8411
1.5499,4.8147
1.5439,4.7891
1.5378,4.7642
1.5318,4.7401
1.5258,4.7167
1.5199,4.6941
1.5139,4.6723
1.508,4.6512
1.5021,4.6309
1.4962,4.6114
1.4904,4.5926
1.4846,4.5747
1.4788,4.5575
1.473,4.541
1.4672,4.5254
1.4615,4.5104
1.4558,4.4963
1.4501,4.4829
1.4444,4.4702
1.4388,4.4582
1.4332,4.4469
1.4276,4.4363
1.422,4.4264
1.4164,4.4171
1.4109,4.4085
1.4054,4.4004
1.3999,4.393
1.3944,4.3861
1.389,4.3798
1.3835,4.374
1.3781,4.3687
1.3727,4.3639
1.3674,4.3595
1.362,4.3555
1.3567,4.3519
1.3514,4.3487
1.3461,4.3457
1.3409,4.3431
1.3356,4.3407
1.3304,4.3386
1.3252,4.3366
1.32,4.3349
1.3149,4.3332
1.3097,4.3316
1.3046,4.3301
1.2995,4.3286
1.2944,4.3272
1.2894,4.3257
1.2843,4.3241
1.2793,4.3224
1.2743,4.3206
1.2693,4.3186
1.2644,4.3164
1.2594,4.3141
1.2545,4.3114
1.2496,4.3085
1.2447,4.3053
1.2399,4.3018
1.235,4.2979
1.2302,4.2937
1.2254,4.289
1.2206,4.2839
1.2158,4.2785
1.2111,4.2725
1.2063,4.2661
1.2016,4.2593
1.1969,4.2519
1.1922,4.2441
1.1876,4.2357
1.1829,4.2268
1.1783,4.2175
1.1737,4.2076
1.1691,4.1971
1.1646,4.1862
1.16,4.1747
1.1555,4.1627
1.151,4.1502
1.1465,4.1372
1.142,4.1236
1.1375,4.1096
1.1331,4.0951
1.1286,4.0801
1.1242,4.0646
1.1198,4.0487
1.1155,4.0323
1.1111,4.0155
1.1068,3.9983
1.1024,3.9807
1.0981,3.9627
1.0938,3.9444
1.0896,3.9257
1.0853,3.9066
1.0811,3.8873
1.0768,3.8677
1.0726,3.8478
1.0684,3.8276
1.0643,3.8072
1.0601,3.7867
1.056,3.7659
1.0518,3.7449
1.0477,3.7238
1.0436,3.7026
1.0395,3.6813
1.0355,3.6599
1.0314,3.6384
1.0274,3.6169
1.0234,3.5953
1.0194,3.5738
1.0154,3.5523
1.0114,3.5308
1.0075,3.5093
1.0035,3.488
0.99962,3.4667
0.99571,3.4456
0.99182,3.4246
0.98795,3.4037
0.98408,3.383
0.98024,3.3625
0.97641,3.3422
0.97259,3.3221
0.96879,3.3023
0.965,3.2827
0.96123,3.2633
0.95748,3.2442
0.95373,3.2255
0.95001,3.207
0.94629,3.1888
0.94259,3.1709
0.93891,3.1534
0.93524,3.1363
0.93159,3.1194
0.92795,3.103
0.92432,3.0869
0.92071,3.0712
0.91711,3.0559
0.91352,3.0409
0.90995,3.0264
0.9064,3.0123
0.90285,2.9985
0.89933,2.9852
0.89581,2.9723
0.89231,2.9598
0.88882,2.9477
0.88535,2.9361
0.88189,2.9248
0.87844,2.914
0.87501,2.9036
0.87159,2.8936
0.86818,2.884
0.86479,2.8749
0.86141,2.8661
0.85804,2.8578
0.85469,2.8499
0.85135,2.8424
0.84802,2.8352
0.84471,2.8285
0.84141,2.8222
0.83812,2.8163
0.83484,2.8107
0.83158,2.8055
0.82833,2.8007
0.82509,2.7963
0.82187,2.7922
0.81865,2.7885
0.81546,2.7851
0.81227,2.7821
0.80909,2.7794
0.80593,2.7771
0.80278,2.775
0.79964,2.7733
0.79652,2.7719
0.79341,2.7708
0.79031,2.7699
0.78722,2.7694
0.78414,2.7691
0.78108,2.7691
0.77802,2.7694
0.77498,2.7699
0.77195,2.7706
0.76894,2.7715
0.76593,2.7727
0.76294,2.7741
0.75996,2.7757
0.75699,2.7775
0.75403,2.7794
0.75108,2.7816
0.74814,2.7839
0.74522,2.7863
0.74231,2.7889
0.73941,2.7916
0.73652,2.7944
0.73364,2.7974
0.73077,2.8004
0.72792,2.8035
0.72507,2.8067
0.72224,2.81
0.71941,2.8133
0.7166,2.8167
0.7138,2.8201
0.71101,2.8235
0.70823,2.8269
0.70546,2.8303
0.70271,2.8337
0.69996,2.8371
0.69723,2.8405
0.6945,2.8438
0.69179,2.8471
0.68908,2.8503
0.68639,2.8534
0.68371,2.8564
0.68103,2.8594
0.67837,2.8622
0.67572,2.865
0.67308,2.8676
0.67045,2.8701
0.66783,2.8725
0.66522,2.8747
0.66262,2.8767
0.66003,2.8786
0.65745,2.8804
0.65488,2.8819
0.65232,2.8833
0.64977,2.8845
0.64723,2.8855
0.6447,2.8863
0.64218,2.887
0.63967,2.8874
0.63717,2.8876
0.63468,2.8876
0.6322,2.8874
0.62973,2.887
0.62727,2.8863
0.62482,2.8855
0.62238,2.8844
0.61995,2.8831
0.61752,2.8816
0.61511,2.8799
0.6127,2.878
0.61031,2.8758
0.60792,2.8735
0.60555,2.8709
0.60318,2.8681
0.60082,2.8652
0.59848,2.862
0.59614,2.8586
0.59381,2.8551
0.59149,2.8514
0.58918,2.8475
0.58687,2.8434
0.58458,2.8391
0.58229,2.8347
0.58002,2.8302
0.57775,2.8255
0.57549,2.8206
0.57324,2.8156
0.571,2.8105
0.56877,2.8053
0.56655,2.8
0.56434,2.7945
0.56213,2.789
0.55993,2.7834
0.55774,2.7777
0.55556,2.7719
0.55339,2.766
0.55123,2.7601
0.54908,2.7542
0.54693,2.7482
0.54479,2.7422
0.54266,2.7362
0.54054,2.7301
0.53843,2.724
0.53633,2.718
0.53423,2.7119
0.53214,2.7058
0.53006,2.6998
0.52799,2.6938
0.52593,2.6878
0.52387,2.6819
0.52182,2.676
0.51978,2.6701
0.51775,2.6644
0.51573,2.6586
0.51371,2.653
0.51171,2.6474
0.50971,2.6419
0.50771,2.6365
0.50573,2.6312
0.50375,2.6259
0.50178,2.6208
0.49982,2.6158
0.49787,2.6108
0.49592,2.606
0.49399,2.6013
0.49206,2.5967
0.49013,2.5922
0.48822,2.5878
0.48631,2.5836
0.48441,2.5795
0.48251,2.5755
0.48063,2.5716
0.47875,2.5679
0.47688,2.5642
0.47502,2.5607
0.47316,2.5574
0.47131,2.5542
0.46947,2.5511
0.46763,2.5481
0.46581,2.5453
0.46398,2.5426
0.46217,2.54
0.46036,2.5376
0.45857,2.5353
0.45677,2.5331
0.45499,2.531
0.45321,2.5291
0.45144,2.5273
0.44967,2.5256
0.44792,2.5241
0.44617,2.5226
0.44442,2.5213
0.44269,2.5201
0.44096,2.519
0.43923,2.518
0.43752,2.5172
0.43581,2.5164
0.4341,2.5157
0.43241,2.5152
0.43072,2.5147
0.42903,2.5143
0.42736,2.514
0.42569,2.5138
0.42402,2.5137
0.42236,2.5137
0.42071,2.5138
0.41907,2.5139
0.41743,2.5141
0.4158,2.5144
0.41418,2.5147
0.41256,2.5151
0.41094,2.5156
0.40934,2.5161
0.40774,2.5166
0.40614,2.5172
0.40456,2.5179
0.40298,2.5186
0.4014,2.5193
0.39983,2.52
0.39827,2.5208
0.39671,2.5216
0.39516,2.5225
0.39362,2.5233
0.39208,2.5241
0.39055,2.525
0.38902,2.5259
0.3875,2.5267
0.38599,2.5276
0.38448,2.5285
0.38298,2.5293
0.38148,2.5301
0.37999,2.5309
0.3785,2.5317
0.37702,2.5325
0.37555,2.5332
0.37408,2.534
0.37262,2.5346
0.37116,2.5353
0.36971,2.5358
0.36827,2.5364
0.36683,2.5369
0.3654,2.5373
0.36397,2.5377
0.36254,2.538
0.36113,2.5383
0.35972,2.5385
0.35831,2.5387
0.35691,2.5388
0.35552,2.5388
0.35413,2.5387
0.35274,2.5386
0.35136,2.5383
0.34999,2.538
0.34862,2.5377
0.34726,2.5372
0.3459,2.5367
0.34455,2.536
0.3432,2.5353
0.34186,2.5345
0.34053,2.5337
0.3392,2.5327
0.33787,2.5316
0.33655,2.5304
0.33523,2.5292
0.33392,2.5279
0.33262,2.5264
0.33132,2.5249
0.33002,2.5233
0.32873,2.5216
0.32745,2.5198
0.32617,2.5179
0.32489,2.5159
0.32362,2.5138
0.32236,2.5116
0.3211,2.5094
0.31985,2.5071
0.3186,2.5046
0.31735,2.5021
0.31611,2.4995
0.31487,2.4968
0.31364,2.4941
0.31242,2.4913
0.3112,2.4883
0.30998,2.4854
0.30877,2.4823
0.30756,2.4792
0.30636,2.476
0.30516,2.4727
0.30397,2.4694
0.30278,2.466
0.3016,2.4626
0.30042,2.4591
0.29925,2.4556
0.29808,2.452
0.29691,2.4483
0.29575,2.4447
0.2946,2.441
0.29344,2.4372
0.2923,2.4334
0.29115,2.4296
0.29002,2.4258
0.28888,2.422
0.28775,2.4181
0.28663,2.4142
0.28551,2.4103
0.28439,2.4064
0.28328,2.4025
0.28217,2.3986
0.28107,2.3947
0.27997,2.3909
0.27888,2.387
0.27779,2.3831
0.2767,2.3793
0.27562,2.3755
0.27455,2.3717
0.27347,2.368
0.2724,2.3643
0.27134,2.3606
0.27028,2.357
0.26922,2.3534
0.26817,2.3499
0.26712,2.3464
0.26608,2.343
0.26504,2.3397
0.264,2.3364
0.26297,2.3332
0.26194,2.3301
0.26092,2.327
0.2599,2.324
0.25888,2.3212
0.25787,2.3184
0.25686,2.3156
0.25586,2.313
0.25486,2.3105
0.25386,2.3081
0.25287,2.3058
0.25188,2.3036
0.2509,2.3015
0.24992,2.2995
0.24894,2.2976
0.24797,2.2959
